{
  "any": {
    "test": {
      "000": {
        "frame_pixel_num": 393216,
        "i_frame_num": 24,
        "p_frame_num": 0,
        "ave_i_frame_bpp": 0.328925,
        "ave_i_frame_psnr": 32.377831,
        "ave_i_frame_msssim": 0.969609,
        "frame_bpp": [
          0.562570,
          0.177229,
          0.154205,
          0.209649,
          0.582203,
          0.406450,
          0.231174,
          0.609128,
          0.177293,
          0.189029,
          0.320129,
          0.153659,
          0.831795,
          0.432792,
          0.198346,
          0.237506,
          0.216845,
          0.465316,
          0.266004,
          0.184154,
          0.372714,
          0.308757,
          0.137816,
          0.469433
        ],
        "frame_psnr": [
          29.921349,
          32.638809,
          35.013203,
          33.034931,
          30.590000,
          31.409781,
          34.492481,
          30.086382,
          34.684319,
          34.395550,
          31.751617,
          34.091980,
          28.454460,
          30.743462,
          33.165863,
          32.950062,
          33.462746,
          30.512367,
          32.098755,
          33.941597,
          31.899958,
          31.434393,
          35.478748,
          30.815123
        ],
        "frame_msssim": [
          0.973938,
          0.945302,
          0.975566,
          0.960899,
          0.979099,
          0.965759,
          0.985431,
          0.979587,
          0.979847,
          0.975594,
          0.961851,
          0.960577,
          0.967348,
          0.966421,
          0.968912,
          0.964204,
          0.972318,
          0.965413,
          0.964752,
          0.978348,
          0.975780,
          0.954417,
          0.976375,
          0.972887
        ],
        "frame_type": [
          0,
          0,
          0,
          0,
          0,
          0,
          0,
          0,
          0,
          0,
          0,
          0,
          0,
          0,
          0,
          0,
          0,
          0,
          0,
          0,
          0,
          0,
          0,
          0
        ],
        "test_time": 2.444083,
        "ave_p_frame_bpp": 0,
        "ave_p_frame_psnr": 0,
        "ave_p_frame_msssim": 0,
        "ave_all_frame_bpp": 0.328925,
        "ave_all_frame_psnr": 32.377831,
        "ave_all_frame_msssim": 0.969609,
        "ds_name": "any",
        "video_path": "test",
        "rate_idx": 0
      },
      "001": {
        "frame_pixel_num": 393216,
        "i_frame_num": 24,
        "p_frame_num": 0,
        "ave_i_frame_bpp": 0.498810,
        "ave_i_frame_psnr": 34.314534,
        "ave_i_frame_msssim": 0.980798,
        "frame_bpp": [
          0.861307,
          0.307344,
          0.236785,
          0.336965,
          0.838369,
          0.619295,
          0.330783,
          0.885087,
          0.261053,
          0.279001,
          0.505554,
          0.252809,
          1.210307,
          0.674213,
          0.314511,
          0.380994,
          0.328859,
          0.690095,
          0.435629,
          0.291113,
          0.549597,
          0.501597,
          0.200325,
          0.679856
        ],
        "frame_psnr": [
          32.166325,
          34.339432,
          36.878044,
          34.787567,
          32.754292,
          33.582943,
          36.523388,
          32.099339,
          36.517929,
          36.225410,
          33.758999,
          35.803219,
          30.438637,
          32.869919,
          35.026611,
          34.973480,
          35.281940,
          32.407433,
          34.056381,
          35.803112,
          33.975109,
          33.372425,
          37.171013,
          32.735870
        ],
        "frame_msssim": [
          0.985224,
          0.964055,
          0.983030,
          0.974800,
          0.987959,
          0.979368,
          0.990325,
          0.987347,
          0.985343,
          0.983497,
          0.976442,
          0.973784,
          0.982356,
          0.980787,
          0.979096,
          0.978328,
          0.982335,
          0.978307,
          0.978313,
          0.985307,
          0.983350,
          0.971883,
          0.983793,
          0.984117
        ],
        "frame_type": [
          0,
          0,
          0,
          0,
          0,
          0,
          0,
          0,
          0,
          0,
          0,
          0,
          0,
          0,
          0,
          0,
          0,
          0,
          0,
          0,
          0,
          0,
          0,
          0
        ],
        "test_time": 1.600546,
        "ave_p_frame_bpp": 0,
        "ave_p_frame_psnr": 0,
        "ave_p_frame_msssim": 0,
        "ave_all_frame_bpp": 0.498810,
        "ave_all_frame_psnr": 34.314534,
        "ave_all_frame_msssim": 0.980798,
        "ds_name": "any",
        "video_path": "test",
        "rate_idx": 1
      },
      "002": {
        "frame_pixel_num": 393216,
        "i_frame_num": 24,
        "p_frame_num": 0,
        "ave_i_frame_bpp": 0.731249,
        "ave_i_frame_psnr": 36.199703,
        "ave_i_frame_msssim": 0.987886,
        "frame_bpp": [
          1.236805,
          0.514165,
          0.357486,
          0.530934,
          1.177474,
          0.900602,
          0.467673,
          1.246521,
          0.378130,
          0.410187,
          0.768192,
          0.416861,
          1.654044,
          1.012590,
          0.485920,
          0.596815,
          0.492683,
          0.986672,
          0.676015,
          0.440179,
          0.774603,
          0.771536,
          0.291263,
          0.962632
        ],
        "frame_psnr": [
          34.324326,
          36.150745,
          38.732964,
          36.691254,
          34.988564,
          35.674583,
          38.504841,
          33.936352,
          38.116348,
          37.966484,
          35.764996,
          37.744308,
          32.117325,
          35.034912,
          36.653618,
          37.199017,
          37.052166,
          34.095062,
          36.073296,
          37.591057,
          35.876114,
          35.322029,
          38.723072,
          34.459450
        ],
        "frame_msssim": [
          0.991556,
          0.977163,
          0.988718,
          0.984315,
          0.993278,
          0.987732,
          0.993373,
          0.992266,
          0.988604,
          0.988425,
          0.986086,
          0.983523,
          0.990082,
          0.989323,
          0.985975,
          0.987494,
          0.988824,
          0.986097,
          0.986292,
          0.989463,
          0.988006,
          0.983127,
          0.988749,
          0.990792
        ],
        "frame_type": [
          0,
          0,
          0,
          0,
          0,
          0,
          0,
          0,
          0,
          0,
          0,
          0,
          0,
          0,
          0,
          0,
          0,
          0,
          0,
          0,
          0,
          0,
          0,
          0
        ],
        "test_time": 1.608099,
        "ave_p_frame_bpp": 0,
        "ave_p_frame_psnr": 0,
        "ave_p_frame_msssim": 0,
        "ave_all_frame_bpp": 0.731249,
        "ave_all_frame_psnr": 36.199703,
        "ave_all_frame_msssim": 0.987886,
        "ds_name": "any",
        "video_path": "test",
        "rate_idx": 2
      },
      "003": {
        "frame_pixel_num": 393216,
        "i_frame_num": 24,
        "p_frame_num": 0,
        "ave_i_frame_bpp": 0.980547,
        "ave_i_frame_psnr": 37.573575,
        "ave_i_frame_msssim": 0.991490,